{
	"type": "NuclearReactor",
	"name": "Кристабилизированная реакционная камера",
	"description": "То, ради чего пришлось изучать итеральную энергетику",
	"itemCapacity": 10,
	"size": 3,
	"heating": 0.02,
	"hasLiquids": true,
    "powerProduction": 71,
    "itemDuration" : 170,
	"updateEffect": "teleportActivate",
	"consumes": {
		"item": "Eteralcrystal",
		"liquid": {
			"liquid": "EnrichedExtract",
			"amount": 0.026,
		}
    },
	"requirements": [
		{"item": "plastanium", "amount": 140},
		{"item": "metaglass", "amount": 1000},
		{"item": "Eteralcrystal", "amount": 75},
		{"item": "graphite", "amount": 1250}
	],
	"category": "power",
"research" : "thorium-reactor",
}