{
 "type": "material",
 "name": "Итеральный кристалл",
 "description": "Данный кристалл содержит в себе скомпанованную энергию, он достаточно нестабилен, поэтому обычная креогенная жидкость ему не подвластна",
 "color": "9518a8",
 "explosiveness": 0.80f,
 "flammability": 0.10f,
 "radioactivity": 0.5f,
 "hardness": 0,
 "cost": 1f,
 "alwaysUnlocked": false
}