{
  "type": "GenericCrafter",
  "name": "Камера обогащения энергией",
  "description": "Данный механизм позволит создать из обычных споровых стручков и креогенной жидкости воистину мощный кристаллизированный реагент, который обеспечит вас энергией на долгое время",
  "health": 770,
  "size": 3,
  "requirements": [
    { "item": "lead", "amount": 450}
    { "item": "metaglass", "amount": 70}
    { "item": "silicon", "amount": 250}
    {"item": "plastanium", "amount": 20}
  ],
  "research": "",
  "hasPower": true,
  "hasItems": true,
  "hasLiquids": true,
  "craftTime": 5,
  "consumes": {
    "power": 3,
    "items": {
      "items": [
        { "item": "spore-pod", "amount": 3}
      ]
    },
      "liquid": {
     "liquid": "cryofluid",
     "amount": 0.037
   }
  },
  "updateEffect": "lightningShoot",
  "category": "crafting",
  "research": "cultivator",
  "idleSoundVolume": 1.5,
  "itemCapacity": 30,
  "outputItem": { "item": "Eteralcrystal", "amount": 2}
}