{
 "type": "conduit",
 "name": "Обогащённый трубопровод",
 "health": 370,
 "Liquid Capacity": 32,
 "description": "Обогащённый трубопровод за счёт массивной кристаллизации создаёт внутреннюю инфузию, из за чего жидкости начинают двигаться с умопомрачительной скоростью",
 "requirements": [
   { "item": "metaglass", "amount": 1},
   { "item": "Eteralcrystal", "amount": 1}
 ],
 "category": "liquid",
 "research": "plated-conduit",
 "speed": 170,
}