{
  "type": "GenericSmelter",
  "name": "Жидкостный кристаллизатор",
  "description": "При подведении креогена и итерального кристалла создаётся кристалическая связь, которая синтезирует обогащённый экстракт, он как креоген, только как теплообменник работает в 2 раза лучше",
  "health": 100,
  "size": 2,
  "requirements": [
    { "item": "lead", "amount": 150},
    { "item": "silicon", "amount": 50},
    { "item": "graphite", "amount": 25},
    { "item": "Eteralcrystal", "amount": 10}
  ],
  "research": "EnergyEnrichmentChamber",
  "hasPower": true,
  "hasItems": true,
  "hasLiquids": true,
  "craftTime": 5,
  "consumes": {
    "power": 3,
    "items": {
      "items": [
        { "item": "Eteralcrystal", "amount": 3},
      ]
    },
    "liquid": {
     "liquid": "cryofluid",
     "amount": 0.068
   }
  },
  "updateEffect": "smeltsmoke",
  "category": "crafting",
  "research": "cryofluid-mixer",
  "idleSoundVolume": 0.5,
  "itemCapacity": 5,
  "outputLiquid": { "liquid": "EnrichedExtract", "amount": 0.117}
}